epoch,time,train/box_loss,train/seg_loss,train/cls_loss,train/dfl_loss,train/sem_loss,metrics/precision(B),metrics/recall(B),metrics/mAP50(B),metrics/mAP50-95(B),metrics/precision(M),metrics/recall(M),metrics/mAP50(M),metrics/mAP50-95(M),val/box_loss,val/seg_loss,val/cls_loss,val/dfl_loss,val/sem_loss,lr/pg0,lr/pg1,lr/pg2
1,217.152,1.39167,3.26417,2.43431,1.50389,0,0.46721,0.18061,0.11479,0.05504,0.4089,0.0451,0.016,0.00439,1.7872,9.15342,2.57782,1.79669,0,1.99029e-05,1.99029e-05,0.080117
2,451.094,1.2665,2.80002,2.14939,1.44587,0,0.53249,0.15928,0.10419,0.04721,0.49497,0.11883,0.06546,0.02489,1.90883,3.827,3.00275,2.00104,0,3.97449e-05,3.97449e-05,0.0601368
3,690.881,1.29593,2.79647,2.16404,1.46828,0,0.47826,0.20535,0.11819,0.05956,0.45707,0.17206,0.09046,0.03321,1.52794,3.24085,2.40127,1.61048,0,5.94285e-05,5.94285e-05,0.0401565
4,901.01,1.29587,2.61683,2.04242,1.47078,0,0.54329,0.17817,0.09923,0.04521,0.45722,0.16288,0.06567,0.0272,1.80085,3.07039,3.02671,1.88415,0,7.89537e-05,7.89537e-05,0.020176
5,1110.98,1.26167,2.5376,2.01954,1.44736,0,0.56306,0.19287,0.18051,0.08701,0.54117,0.18387,0.14774,0.0597,1.6177,2.85752,2.40747,1.64184,0,9.83205e-05,9.83205e-05,0.000195408
6,1321.22,1.24247,2.4896,1.95139,1.44491,0,0.18238,0.30185,0.15797,0.08714,0.16872,0.23827,0.13636,0.05321,1.59555,2.79841,2.30544,1.65064,0,9.802e-05,9.802e-05,9.802e-05
7,1530.21,1.18855,2.39208,1.94995,1.39425,0,0.58276,0.22519,0.19058,0.10121,0.58424,0.19548,0.1647,0.06769,1.60739,2.75591,2.18351,1.68803,0,9.7624e-05,9.7624e-05,9.7624e-05
8,1738.96,1.1501,2.3314,1.86888,1.38231,0,0.56403,0.28857,0.21243,0.11994,0.56489,0.26205,0.19056,0.08032,1.50741,2.71148,2.20415,1.575,0,9.7228e-05,9.7228e-05,9.7228e-05
9,1947.86,1.14377,2.242,1.82704,1.37047,0,0.2448,0.25823,0.18377,0.09677,0.21949,0.23161,0.16182,0.07842,1.56061,2.80654,2.31692,1.65487,0,9.6832e-05,9.6832e-05,9.6832e-05
10,2155.52,1.11144,2.25697,1.75102,1.34544,0,0.25604,0.21096,0.19105,0.10954,0.20937,0.21678,0.1643,0.08009,1.47428,2.74159,2.08115,1.5621,0,9.6436e-05,9.6436e-05,9.6436e-05
11,2365.03,1.14841,2.24287,1.73875,1.38132,0,0.20432,0.28558,0.2191,0.12324,0.18676,0.25993,0.1852,0.09308,1.5272,2.81873,2.06661,1.64027,0,9.604e-05,9.604e-05,9.604e-05
12,2573.59,1.0443,2.07457,1.62856,1.2821,0,0.15169,0.324,0.18379,0.09745,0.13073,0.29158,0.15266,0.07091,1.51168,2.75315,2.29803,1.60509,0,9.5644e-05,9.5644e-05,9.5644e-05
13,2781.29,1.06221,2.1212,1.64733,1.32466,0,0.23791,0.28105,0.21195,0.11636,0.19461,0.23059,0.16945,0.08492,1.50196,2.61719,2.13261,1.61629,0,9.5248e-05,9.5248e-05,9.5248e-05
14,2990.06,1.05521,2.13658,1.6671,1.31722,0,0.36029,0.2875,0.22476,0.13479,0.32686,0.27843,0.20844,0.10913,1.46986,2.73061,2.06258,1.55556,0,9.4852e-05,9.4852e-05,9.4852e-05
15,3198.67,1.0345,2.02174,1.64581,1.27979,0,0.31804,0.30929,0.23528,0.13374,0.29152,0.27736,0.19883,0.10187,1.46855,2.51382,2.04424,1.57865,0,9.4456e-05,9.4456e-05,9.4456e-05
16,3405.93,1.03892,2.02095,1.58856,1.30606,0,0.26128,0.33918,0.2207,0.11515,0.24981,0.3088,0.19329,0.08994,1.51707,2.59266,2.06763,1.5761,0,9.406e-05,9.406e-05,9.406e-05
17,3615.16,1.03327,2.02434,1.49327,1.29244,0,0.32975,0.30901,0.25242,0.14004,0.31957,0.26188,0.22409,0.11588,1.50596,2.59193,1.99146,1.58173,0,9.3664e-05,9.3664e-05,9.3664e-05
18,3823.73,1.03872,2.04855,1.50828,1.29854,0,0.38166,0.25501,0.25126,0.14209,0.41756,0.22628,0.21629,0.11107,1.48179,2.57048,2.05828,1.5697,0,9.3268e-05,9.3268e-05,9.3268e-05
19,4031.98,0.97055,1.9202,1.52287,1.24976,0,0.22223,0.294,0.22999,0.12552,0.28165,0.20177,0.21306,0.10029,1.48004,2.59789,2.04547,1.58908,0,9.2872e-05,9.2872e-05,9.2872e-05
20,4240.59,0.97228,1.87418,1.40506,1.22584,0,0.40206,0.34839,0.27682,0.14418,0.30855,0.30175,0.22259,0.10769,1.53191,2.75295,2.02038,1.59894,0,9.2476e-05,9.2476e-05,9.2476e-05
21,4448.56,0.98729,1.95007,1.45083,1.27663,0,0.33437,0.24677,0.26522,0.13795,0.32671,0.25321,0.24761,0.11068,1.53515,2.58699,1.96315,1.64247,0,9.208e-05,9.208e-05,9.208e-05
22,4657.1,0.98212,1.95214,1.42536,1.2472,0,0.3244,0.30359,0.25616,0.14998,0.25741,0.34714,0.2411,0.11934,1.46934,2.58142,2.02804,1.56633,0,9.1684e-05,9.1684e-05,9.1684e-05
23,4865.9,0.96952,1.8979,1.39526,1.25092,0,0.33548,0.30658,0.25336,0.14973,0.31666,0.28771,0.23685,0.11979,1.44508,2.50792,1.90906,1.56163,0,9.1288e-05,9.1288e-05,9.1288e-05
24,5074.86,0.93177,1.81603,1.3634,1.22438,0,0.30017,0.34171,0.30497,0.18315,0.28267,0.31718,0.27169,0.14229,1.42118,2.43652,1.87769,1.51127,0,9.0892e-05,9.0892e-05,9.0892e-05
25,5283.22,0.90834,1.87496,1.28594,1.19727,0,0.25639,0.27445,0.24072,0.13054,0.34188,0.21726,0.23599,0.1166,1.57377,2.59871,2.09122,1.68551,0,9.0496e-05,9.0496e-05,9.0496e-05
26,5490.78,0.94904,1.80259,1.33389,1.22915,0,0.3272,0.35313,0.29502,0.15757,0.31895,0.29962,0.23891,0.12909,1.45475,2.55738,2.00986,1.5841,0,9.01e-05,9.01e-05,9.01e-05
27,5699.36,0.89916,1.75804,1.28501,1.20531,0,0.29047,0.30706,0.26866,0.15794,0.32073,0.25616,0.25563,0.1281,1.45226,2.44049,1.95708,1.55625,0,8.9704e-05,8.9704e-05,8.9704e-05
28,5907.8,0.93016,1.76191,1.27664,1.20437,0,0.28261,0.37685,0.30497,0.14656,0.23246,0.34123,0.23756,0.12076,1.50771,2.42298,1.98652,1.58988,0,8.9308e-05,8.9308e-05,8.9308e-05
29,6115.52,0.90397,1.68289,1.23911,1.19106,0,0.39727,0.30552,0.28871,0.16028,0.34973,0.27416,0.23575,0.12261,1.41352,2.53327,1.97821,1.55225,0,8.8912e-05,8.8912e-05,8.8912e-05
30,6324.53,0.88131,1.70962,1.20819,1.17987,0,0.45358,0.35042,0.33466,0.1868,0.36277,0.32042,0.27161,0.15591,1.45111,2.38833,1.8953,1.57477,0,8.8516e-05,8.8516e-05,8.8516e-05
31,6532.83,0.89606,1.77998,1.2224,1.20336,0,0.38914,0.41566,0.34679,0.18015,0.3674,0.29808,0.27598,0.13439,1.47798,2.4045,1.89565,1.59439,0,8.812e-05,8.812e-05,8.812e-05
32,6740.55,0.8807,1.67047,1.15494,1.1819,0,0.37256,0.26642,0.27904,0.16148,0.37187,0.29908,0.27569,0.14015,1.54939,2.42821,1.96775,1.62421,0,8.7724e-05,8.7724e-05,8.7724e-05
33,6947.82,0.89719,1.73356,1.27933,1.1986,0,0.33647,0.31288,0.26572,0.14847,0.2764,0.27339,0.22316,0.11034,1.49094,2.54323,1.99775,1.58052,0,8.7328e-05,8.7328e-05,8.7328e-05
34,7155.73,0.8341,1.68407,1.1699,1.14919,0,0.43536,0.27855,0.28335,0.14735,0.27801,0.3184,0.22272,0.11723,1.46202,2.57098,2.00961,1.61138,0,8.6932e-05,8.6932e-05,8.6932e-05
35,7364.91,0.85059,1.61848,1.15008,1.17813,0,0.51522,0.30513,0.35398,0.19166,0.43581,0.26207,0.28598,0.1607,1.46174,2.52272,1.83922,1.58577,0,8.6536e-05,8.6536e-05,8.6536e-05
36,7572.86,0.84519,1.58897,1.13386,1.16202,0,0.32188,0.32546,0.28861,0.1576,0.42031,0.26478,0.25976,0.13664,1.44937,2.49886,1.95354,1.56759,0,8.614e-05,8.614e-05,8.614e-05
37,7781.64,0.85687,1.70477,1.16739,1.16126,0,0.32903,0.25326,0.26439,0.1609,0.29619,0.28672,0.23829,0.12643,1.44797,2.62301,1.92358,1.56314,0,8.5744e-05,8.5744e-05,8.5744e-05
38,7989.91,0.83765,1.62447,1.11766,1.14235,0,0.39507,0.31877,0.30968,0.19031,0.40734,0.28412,0.2723,0.15471,1.42961,2.48927,1.80369,1.55447,0,8.5348e-05,8.5348e-05,8.5348e-05
39,8197.68,0.81978,1.5301,1.09455,1.1292,0,0.63551,0.31937,0.36514,0.19724,0.53452,0.27233,0.29572,0.15845,1.39279,2.48539,1.83089,1.53729,0,8.4952e-05,8.4952e-05,8.4952e-05
40,8406.49,0.81508,1.5864,1.07319,1.12546,0,0.52532,0.39292,0.38411,0.1901,0.31155,0.35898,0.2777,0.15525,1.40646,2.59733,1.89308,1.52524,0,8.4556e-05,8.4556e-05,8.4556e-05
41,8614.28,0.81122,1.5785,1.04355,1.13152,0,0.40841,0.41391,0.3516,0.17815,0.35298,0.37313,0.27083,0.13739,1.45926,2.53502,1.79865,1.59747,0,8.416e-05,8.416e-05,8.416e-05
42,8821.54,0.81946,1.56426,1.02496,1.13842,0,0.4008,0.27812,0.31661,0.1966,0.35666,0.28829,0.30181,0.17475,1.42079,2.40239,1.77286,1.5162,0,8.3764e-05,8.3764e-05,8.3764e-05
43,9030.28,0.80626,1.48751,1.00533,1.13175,0,0.3978,0.32449,0.32802,0.18769,0.39153,0.31549,0.29094,0.15891,1.45803,2.46095,1.83637,1.5797,0,8.3368e-05,8.3368e-05,8.3368e-05
44,9238.7,0.79577,1.50544,1.0161,1.12917,0,0.33537,0.35277,0.29658,0.1662,0.3503,0.35328,0.28119,0.13948,1.4647,2.59242,1.9564,1.58425,0,8.2972e-05,8.2972e-05,8.2972e-05
45,9446.53,0.78854,1.46063,1.06511,1.12643,0,0.34298,0.37945,0.32273,0.18914,0.33417,0.36959,0.27804,0.14802,1.41809,2.58892,1.82753,1.5569,0,8.2576e-05,8.2576e-05,8.2576e-05
46,9654.09,0.80126,1.5688,1.04443,1.14236,0,0.38995,0.37122,0.3407,0.19896,0.40005,0.31103,0.30312,0.15333,1.40405,2.56986,1.8164,1.5505,0,8.218e-05,8.218e-05,8.218e-05
47,9862.19,0.78638,1.4267,0.96494,1.11167,0,0.44519,0.33223,0.33823,0.18909,0.49812,0.25752,0.28148,0.15553,1.46221,2.37603,1.92226,1.58356,0,8.1784e-05,8.1784e-05,8.1784e-05
48,10069.7,0.77895,1.4936,0.99723,1.11237,0,0.33768,0.34458,0.28685,0.18353,0.36334,0.24542,0.27685,0.15499,1.43279,2.60662,1.94383,1.55448,0,8.1388e-05,8.1388e-05,8.1388e-05
49,10277.7,0.78341,1.43632,0.97124,1.10471,0,0.29091,0.3899,0.29624,0.18665,0.30746,0.38361,0.30163,0.15512,1.44489,2.56138,1.83548,1.56185,0,8.0992e-05,8.0992e-05,8.0992e-05
50,10485.7,0.75262,1.42986,0.96696,1.09672,0,0.41051,0.33,0.2969,0.17056,0.33178,0.39068,0.27791,0.14258,1.42587,2.53768,1.8734,1.54672,0,8.0596e-05,8.0596e-05,8.0596e-05
51,10694,0.78752,1.54248,0.9605,1.13213,0,0.39991,0.35614,0.31851,0.19172,0.41109,0.2608,0.28938,0.1602,1.38647,2.53874,1.90003,1.55139,0,8.02e-05,8.02e-05,8.02e-05
52,10901.6,0.74643,1.44324,0.91934,1.09012,0,0.28742,0.38545,0.31935,0.18691,0.28561,0.37152,0.29386,0.14609,1.49396,2.65896,1.82617,1.64661,0,7.9804e-05,7.9804e-05,7.9804e-05
53,11110.4,0.77135,1.48076,0.91339,1.10685,0,0.50495,0.34558,0.34587,0.19113,0.30362,0.31615,0.29617,0.15558,1.48154,2.5768,1.84842,1.60771,0,7.9408e-05,7.9408e-05,7.9408e-05
54,11315.1,0.75586,1.41462,0.94808,1.11443,0,0.74267,0.2935,0.3173,0.20573,0.70472,0.27214,0.28673,0.16089,1.40511,2.67765,1.90185,1.53471,0,7.9012e-05,7.9012e-05,7.9012e-05
55,11519.2,0.75148,1.37145,0.88611,1.08524,0,0.39506,0.44846,0.35597,0.18742,0.37926,0.33358,0.28249,0.15316,1.46926,2.6266,1.86808,1.61994,0,7.8616e-05,7.8616e-05,7.8616e-05
56,11723.8,0.71579,1.36958,0.8548,1.06921,0,0.47236,0.24558,0.31623,0.20669,0.44955,0.233,0.2965,0.16451,1.41395,2.58233,1.8392,1.58643,0,7.822e-05,7.822e-05,7.822e-05
57,11928.1,0.71917,1.37005,0.86222,1.07338,0,0.35016,0.28877,0.29811,0.1851,0.36853,0.26216,0.27612,0.14697,1.42283,2.67008,1.844,1.60407,0,7.7824e-05,7.7824e-05,7.7824e-05
58,12131.7,0.71961,1.36286,0.82905,1.05961,0,0.36957,0.37355,0.32051,0.19349,0.42107,0.36319,0.31185,0.17437,1.46593,2.5558,1.91155,1.611,0,7.7428e-05,7.7428e-05,7.7428e-05
59,12720.9,0.71411,1.37027,0.83506,1.06125,0,0.44121,0.33165,0.31734,0.19197,0.2845,0.29284,0.26213,0.13718,1.46514,2.57996,1.89279,1.65167,0,7.7032e-05,7.7032e-05,7.7032e-05
60,12938.5,0.72709,1.36741,0.85241,1.06726,0,0.35809,0.36009,0.32329,0.20509,0.75598,0.25702,0.28395,0.16461,1.41432,2.70021,1.92031,1.61091,0,7.6636e-05,7.6636e-05,7.6636e-05
61,13142.2,0.69755,1.30721,0.78462,1.04813,0,0.3886,0.28093,0.30609,0.19576,0.42113,0.25577,0.29485,0.16041,1.44162,2.59831,1.97804,1.5645,0,7.624e-05,7.624e-05,7.624e-05
62,13345.6,0.7098,1.32428,0.81719,1.05437,0,0.33727,0.3597,0.31774,0.18932,0.32718,0.29815,0.29218,0.16308,1.4604,2.51518,1.79655,1.62234,0,7.5844e-05,7.5844e-05,7.5844e-05
63,13549.2,0.70742,1.38711,0.80092,1.06761,0,0.31974,0.38371,0.33803,0.2122,0.36966,0.30222,0.30829,0.16965,1.41969,2.58537,1.89752,1.546,0,7.5448e-05,7.5448e-05,7.5448e-05
64,13753.7,0.69414,1.30245,0.7754,1.05436,0,0.39819,0.29902,0.2901,0.18515,0.46568,0.25658,0.2795,0.15111,1.42441,2.83994,1.86008,1.58941,0,7.5052e-05,7.5052e-05,7.5052e-05
65,14316.1,0.70326,1.37388,0.8539,1.05957,0,0.38244,0.32039,0.31281,0.19658,0.45668,0.24009,0.29108,0.15435,1.46421,2.57676,1.83056,1.62633,0,7.4656e-05,7.4656e-05,7.4656e-05
66,14537.3,0.7036,1.28387,0.80644,1.04317,0,0.45268,0.3058,0.34172,0.20407,0.42203,0.28829,0.30313,0.1721,1.43519,2.62478,1.78612,1.61147,0,7.426e-05,7.426e-05,7.426e-05
67,14740.7,0.67786,1.27229,0.76963,1.04739,0,0.41333,0.3838,0.3175,0.19122,0.46361,0.32274,0.28181,0.16074,1.41046,2.70212,1.92576,1.56315,0,7.3864e-05,7.3864e-05,7.3864e-05
68,14945.8,0.67718,1.31206,0.75701,1.04981,0,0.41975,0.37945,0.34265,0.209,0.33156,0.31361,0.30621,0.16044,1.39842,2.74564,1.86499,1.56115,0,7.3468e-05,7.3468e-05,7.3468e-05
69,15150.6,0.67087,1.26292,0.74835,1.0316,0,0.45011,0.26771,0.33138,0.21001,0.45286,0.26907,0.32619,0.1734,1.393,2.67124,1.80012,1.59073,0,7.3072e-05,7.3072e-05,7.3072e-05
70,15355.3,0.66557,1.2475,0.74587,1.0391,0,0.44429,0.35751,0.337,0.20755,0.35941,0.29565,0.29575,0.16402,1.42107,2.61937,1.78131,1.57106,0,7.2676e-05,7.2676e-05,7.2676e-05
71,15976.1,0.67982,1.31986,0.7544,1.0569,0,0.3675,0.3224,0.3133,0.18584,0.42075,0.3257,0.30618,0.15636,1.46251,2.73544,1.84932,1.61107,0,7.228e-05,7.228e-05,7.228e-05
72,16180,0.66156,1.29976,0.7243,1.03796,0,0.48213,0.41795,0.35449,0.21732,0.49278,0.42124,0.34383,0.17936,1.42311,2.58057,1.80014,1.60245,0,7.1884e-05,7.1884e-05,7.1884e-05
73,16383.5,0.65653,1.29407,0.72106,1.03798,0,0.73239,0.35391,0.42296,0.2358,0.51273,0.32187,0.35237,0.18592,1.41192,2.62151,1.73627,1.61653,0,7.1488e-05,7.1488e-05,7.1488e-05
74,16588,0.68707,1.32716,0.75201,1.05362,0,0.6098,0.38992,0.38434,0.2115,0.39668,0.27029,0.31157,0.17048,1.45724,2.62206,1.87961,1.64005,0,7.1092e-05,7.1092e-05,7.1092e-05
75,16792.3,0.66501,1.28214,0.70813,1.03634,0,0.31439,0.40906,0.30471,0.18097,0.43074,0.25116,0.27897,0.13563,1.48069,2.62799,1.98014,1.63602,0,7.0696e-05,7.0696e-05,7.0696e-05
76,16998.1,0.65878,1.1656,0.69585,1.03684,0,0.61447,0.36706,0.35362,0.201,0.37262,0.31306,0.29291,0.16064,1.42248,2.70278,1.82433,1.60477,0,7.03e-05,7.03e-05,7.03e-05
77,17468,0.65236,1.20265,0.71071,1.01773,0,0.38284,0.39745,0.32274,0.19069,0.3804,0.41082,0.30381,0.16299,1.42092,2.58216,1.90066,1.61603,0,6.9904e-05,6.9904e-05,6.9904e-05
78,17807.9,0.63079,1.1821,0.66886,1.00289,0,0.55163,0.36514,0.37168,0.20979,0.42063,0.36019,0.33843,0.17437,1.40276,2.61634,1.817,1.60323,0,6.9508e-05,6.9508e-05,6.9508e-05
79,18011.7,0.66239,1.22732,0.72921,1.02338,0,0.41674,0.40677,0.33328,0.20512,0.50744,0.33843,0.31978,0.16656,1.46276,2.64393,1.83969,1.62652,0,6.9112e-05,6.9112e-05,6.9112e-05
80,18214.5,0.63592,1.21563,0.70072,1.01775,0,0.37669,0.36832,0.32491,0.20319,0.46109,0.33677,0.32766,0.17512,1.4357,2.57065,1.85848,1.66706,0,6.8716e-05,6.8716e-05,6.8716e-05
81,18418.2,0.62914,1.20057,0.68871,1.02183,0,0.45049,0.3539,0.33874,0.19874,0.41197,0.29186,0.31037,0.15845,1.40505,2.62581,1.92316,1.58674,0,6.832e-05,6.832e-05,6.832e-05
82,18622.3,0.6387,1.19817,0.67328,1.02527,0,0.37163,0.39454,0.34096,0.20388,0.42017,0.28644,0.30511,0.16593,1.42665,2.67452,1.91137,1.6333,0,6.7924e-05,6.7924e-05,6.7924e-05
83,19215.7,0.64537,1.20895,0.68764,1.0197,0,0.40646,0.37412,0.31495,0.18407,0.3921,0.35526,0.29142,0.15286,1.44099,2.6692,1.94364,1.64759,0,6.7528e-05,6.7528e-05,6.7528e-05
84,19418,0.62984,1.17682,0.68628,1.01713,0,0.39973,0.32418,0.33464,0.21256,0.38359,0.31567,0.30434,0.17337,1.43392,2.68886,1.93985,1.61504,0,6.7132e-05,6.7132e-05,6.7132e-05
85,19621.9,0.63456,1.18095,0.66518,1.0139,0,0.438,0.41001,0.3469,0.18257,0.35517,0.35098,0.27528,0.14454,1.44166,2.78246,1.9669,1.61305,0,6.6736e-05,6.6736e-05,6.6736e-05
86,19826,0.61419,1.15416,0.646,1.01366,0,0.33705,0.38425,0.30817,0.19421,0.41122,0.29371,0.30435,0.1651,1.45904,2.69444,1.91098,1.65266,0,6.634e-05,6.634e-05,6.634e-05
87,20029.2,0.6258,1.15416,0.66602,1.00971,0,0.58663,0.29303,0.34748,0.21438,0.41857,0.28596,0.30133,0.1761,1.42909,2.83026,1.89281,1.68356,0,6.5944e-05,6.5944e-05,6.5944e-05
88,20233.3,0.64024,1.15866,0.67529,1.01805,0,0.43721,0.41584,0.34102,0.2155,0.39103,0.37006,0.33317,0.1738,1.40019,2.83422,1.75247,1.5792,0,6.5548e-05,6.5548e-05,6.5548e-05
89,20550.1,0.61657,1.16365,0.65483,1.0084,0,0.42232,0.38342,0.35903,0.21455,0.39121,0.27353,0.29745,0.17143,1.42537,2.91038,1.82454,1.62106,0,6.5152e-05,6.5152e-05,6.5152e-05
90,21034.5,0.6061,1.15522,0.62683,0.99868,0,0.51663,0.38557,0.34479,0.20396,0.36932,0.35223,0.3043,0.16859,1.43078,2.60114,1.93654,1.56937,0,6.4756e-05,6.4756e-05,6.4756e-05
91,21237.3,0.60541,1.09862,0.6258,1.0098,0,0.45176,0.3401,0.32599,0.21706,0.3893,0.31122,0.30033,0.17251,1.3724,2.70347,1.81023,1.58484,0,6.436e-05,6.436e-05,6.436e-05
92,21441.1,0.61141,1.1394,0.63195,1.00274,0,0.39818,0.32515,0.31745,0.20887,0.39645,0.31022,0.29882,0.17057,1.3719,2.73968,1.81444,1.57093,0,6.3964e-05,6.3964e-05,6.3964e-05
93,21645.5,0.59775,1.14128,0.66036,1.00156,0,0.44153,0.34122,0.30339,0.1863,0.4602,0.32532,0.29484,0.1598,1.42544,2.82693,1.91946,1.60063,0,6.3568e-05,6.3568e-05,6.3568e-05
94,21848.9,0.61723,1.13796,0.64105,1.01216,0,0.37129,0.44589,0.31657,0.19296,0.45311,0.31422,0.2984,0.16151,1.36758,2.67085,1.84909,1.57225,0,6.3172e-05,6.3172e-05,6.3172e-05
95,22160.4,0.59295,1.11877,0.64098,1.00065,0,0.40013,0.34171,0.30689,0.18541,0.77922,0.25945,0.28574,0.15565,1.44076,2.75775,1.82244,1.65554,0,6.2776e-05,6.2776e-05,6.2776e-05
96,22639.5,0.59516,1.101,0.61666,0.9986,0,0.44012,0.35922,0.31324,0.19782,0.42718,0.3148,0.29182,0.16696,1.41239,2.73754,1.83193,1.58253,0,6.238e-05,6.238e-05,6.238e-05
97,22843.8,0.5926,1.11886,0.58763,0.99231,0,0.42812,0.33475,0.30234,0.18384,0.42057,0.32623,0.27499,0.15555,1.4309,2.94375,2.00078,1.61413,0,6.1984e-05,6.1984e-05,6.1984e-05
98,23047.1,0.59763,1.09834,0.60921,0.99972,0,0.49594,0.35947,0.31129,0.19142,0.33948,0.36794,0.29652,0.16119,1.41931,2.85334,1.86547,1.66443,0,6.1588e-05,6.1588e-05,6.1588e-05
99,23251,0.56475,1.10861,0.57341,0.98199,0,0.40517,0.38661,0.31259,0.18425,0.78228,0.26129,0.28628,0.15614,1.47391,2.86169,1.91655,1.68619,0,6.1192e-05,6.1192e-05,6.1192e-05
100,23454.9,0.57784,1.07142,0.59239,0.98279,0,0.4081,0.31344,0.31214,0.19698,0.39537,0.30222,0.29322,0.16088,1.43869,2.71374,1.84856,1.65089,0,6.0796e-05,6.0796e-05,6.0796e-05
101,23658.6,0.58561,1.09862,0.59418,0.98612,0,0.36449,0.43423,0.31244,0.18035,0.34582,0.40423,0.28834,0.15211,1.41764,2.65828,1.96075,1.63835,0,6.04e-05,6.04e-05,6.04e-05
102,24225.2,0.58975,1.10885,0.61793,0.99887,0,0.44545,0.43119,0.35386,0.20282,0.3494,0.38139,0.31688,0.16728,1.45627,2.79152,1.91565,1.67205,0,6.0004e-05,6.0004e-05,6.0004e-05
103,24447.7,0.58553,1.06762,0.60206,0.99549,0,0.34068,0.38737,0.31945,0.2066,0.34584,0.39165,0.3212,0.17868,1.44682,2.64787,1.91045,1.65576,0,5.9608e-05,5.9608e-05,5.9608e-05
104,24651.3,0.5772,1.08695,0.58211,0.99298,0,0.38969,0.4199,0.33636,0.19601,0.41646,0.27116,0.2768,0.1567,1.43624,2.97732,1.90035,1.63851,0,5.9212e-05,5.9212e-05,5.9212e-05
105,24854.5,0.58562,1.07806,0.59833,0.99626,0,0.47873,0.38526,0.35893,0.21228,0.39509,0.34528,0.30101,0.1792,1.47264,2.73386,1.88497,1.70984,0,5.8816e-05,5.8816e-05,5.8816e-05
106,25058.2,0.55501,0.99642,0.55331,0.96984,0,0.49827,0.41748,0.34249,0.21683,0.41324,0.36106,0.31418,0.17554,1.42875,2.84128,1.91772,1.6606,0,5.842e-05,5.842e-05,5.842e-05
107,25262.5,0.56956,1.05832,0.56485,0.96865,0,0.50696,0.3839,0.33905,0.20735,0.42435,0.30139,0.29853,0.18053,1.46127,2.79135,2.00135,1.65808,0,5.8024e-05,5.8024e-05,5.8024e-05
108,25465.9,0.56929,1.05846,0.59622,0.97675,0,0.47189,0.4347,0.35106,0.21465,0.38299,0.3558,0.31527,0.17997,1.42336,2.78524,1.85497,1.63253,0,5.7628e-05,5.7628e-05,5.7628e-05
109,26087.2,0.5418,1.01795,0.55468,0.9792,0,0.46337,0.32955,0.33397,0.20571,0.40614,0.29497,0.30726,0.17852,1.45596,2.84439,1.89343,1.69375,0,5.7232e-05,5.7232e-05,5.7232e-05
110,26291.3,0.55109,1.0199,0.54729,0.96408,0,0.4659,0.39911,0.33758,0.20355,0.39787,0.35214,0.31643,0.17661,1.45945,2.75734,1.84681,1.68819,0,5.6836e-05,5.6836e-05,5.6836e-05
111,26495.1,0.54575,1.01237,0.52928,0.96323,0,0.40039,0.37027,0.33406,0.20383,0.39354,0.36425,0.32127,0.17767,1.40683,2.75907,1.93491,1.64083,0,5.644e-05,5.644e-05,5.644e-05
112,26698.2,0.55989,1.03742,0.54282,0.97048,0,0.50515,0.339,0.34699,0.21626,0.40063,0.29322,0.3147,0.18709,1.39652,2.86553,1.82094,1.64959,0,5.6044e-05,5.6044e-05,5.6044e-05
113,26902.3,0.54093,1.05386,0.58005,0.98059,0,0.42891,0.41545,0.32991,0.20478,0.37679,0.38903,0.3113,0.17727,1.43443,2.6817,1.87682,1.67446,0,5.5648e-05,5.5648e-05,5.5648e-05
114,27106.3,0.54672,1.0007,0.53579,0.95824,0,0.41109,0.4283,0.35088,0.21044,0.43157,0.29753,0.31983,0.17417,1.41111,2.80901,1.8853,1.61675,0,5.5252e-05,5.5252e-05,5.5252e-05
115,27309.9,0.55675,1.03171,0.55156,0.97768,0,0.38313,0.34698,0.35196,0.22009,0.31359,0.39716,0.3361,0.18697,1.36733,2.76782,1.85818,1.60084,0,5.4856e-05,5.4856e-05,5.4856e-05
116,27878.2,0.54003,1.03669,0.54847,0.9758,0,0.54862,0.3791,0.35606,0.21656,0.39065,0.29457,0.31498,0.17676,1.43229,2.95331,1.86113,1.68561,0,5.446e-05,5.446e-05,5.446e-05
117,28108.3,0.52976,1.01537,0.53041,0.96314,0,0.48039,0.35253,0.33972,0.21344,0.47,0.34574,0.3373,0.17992,1.41977,2.84407,1.8966,1.64265,0,5.4064e-05,5.4064e-05,5.4064e-05
118,28312.1,0.5306,0.97678,0.52002,0.96378,0,0.41356,0.30363,0.32457,0.2143,0.44868,0.33271,0.31901,0.18055,1.38689,2.81075,1.88327,1.61738,0,5.3668e-05,5.3668e-05,5.3668e-05
119,28515.3,0.5399,1.00818,0.51718,0.96209,0,0.35641,0.37938,0.33323,0.21611,0.39962,0.31886,0.32057,0.18733,1.38966,2.82499,1.88361,1.62858,0,5.3272e-05,5.3272e-05,5.3272e-05
120,28719.5,0.55225,0.99496,0.54192,0.966,0,0.42786,0.41989,0.34668,0.21378,0.37744,0.38215,0.33337,0.18306,1.42616,2.85487,1.95481,1.63734,0,5.2876e-05,5.2876e-05,5.2876e-05
121,28923.9,0.56022,1.01362,0.56188,0.9751,0,0.4161,0.44669,0.35573,0.20775,0.341,0.38312,0.32402,0.17429,1.42255,2.78531,1.82478,1.64151,0,5.248e-05,5.248e-05,5.248e-05
122,29127.2,0.51626,0.98291,0.51405,0.95688,0,0.41187,0.31209,0.34336,0.22837,0.35689,0.3238,0.33219,0.18658,1.37482,2.79929,1.84975,1.58516,0,5.2084e-05,5.2084e-05,5.2084e-05
123,29590.3,0.52547,0.95217,0.5119,0.95814,0,0.52698,0.36612,0.34962,0.22215,0.4105,0.32969,0.31453,0.18247,1.41367,2.81812,1.9113,1.62083,0,5.1688e-05,5.1688e-05,5.1688e-05
124,29914.8,0.51002,0.94291,0.51333,0.95865,0,0.4122,0.4199,0.37432,0.23137,0.401,0.40732,0.36626,0.19796,1.4329,2.83313,1.86282,1.66771,0,5.1292e-05,5.1292e-05,5.1292e-05
125,30119.1,0.51583,0.94629,0.49619,0.95143,0,0.44557,0.45644,0.37236,0.23516,0.43782,0.44693,0.36319,0.19721,1.45355,2.78845,1.87205,1.68485,0,5.0896e-05,5.0896e-05,5.0896e-05
126,30323,0.53893,0.96398,0.5097,0.9576,0,0.39221,0.4051,0.34985,0.22824,0.37504,0.36615,0.33218,0.18321,1.43667,2.85557,1.90689,1.66945,0,5.05e-05,5.05e-05,5.05e-05
127,30527.2,0.52927,0.95639,0.49476,0.96243,0,0.44039,0.39228,0.34639,0.2273,0.44589,0.29536,0.32211,0.18148,1.43092,2.8605,1.8364,1.65078,0,5.0104e-05,5.0104e-05,5.0104e-05
128,30732.6,0.51649,0.98685,0.48221,0.9557,0,0.44618,0.39127,0.35207,0.22639,0.40326,0.33588,0.34139,0.18949,1.41662,2.83878,1.83305,1.62881,0,4.9708e-05,4.9708e-05,4.9708e-05
129,30936.4,0.53722,1.0139,0.51392,0.96293,0,0.48212,0.40818,0.36098,0.22482,0.39598,0.32403,0.33405,0.18399,1.4093,2.84044,1.88608,1.6325,0,4.9312e-05,4.9312e-05,4.9312e-05
130,31140.2,0.52348,0.94527,0.50505,0.96147,0,0.42407,0.41497,0.34528,0.22517,0.37526,0.36513,0.29776,0.17071,1.40999,3.05386,1.86401,1.68794,0,4.8916e-05,4.8916e-05,4.8916e-05
131,31703,0.50933,0.93172,0.4896,0.9367,0,0.41506,0.37462,0.32682,0.2091,0.3538,0.36968,0.29962,0.17418,1.41454,2.9485,1.92309,1.67721,0,4.852e-05,4.852e-05,4.852e-05
132,31905.7,0.51876,0.96245,0.49905,0.94564,0,0.39042,0.37732,0.31967,0.19872,0.35504,0.37309,0.29847,0.16327,1.44333,3.08765,1.92961,1.70385,0,4.8124e-05,4.8124e-05,4.8124e-05
133,32109.5,0.52398,0.95281,0.50095,0.95976,0,0.3921,0.41632,0.33559,0.21183,0.34081,0.37868,0.3124,0.17784,1.44192,3.0489,1.88359,1.68388,0,4.7728e-05,4.7728e-05,4.7728e-05
134,32313.4,0.51186,0.95891,0.48433,0.95686,0,0.52324,0.37171,0.3534,0.21446,0.44264,0.32913,0.31867,0.18736,1.41452,2.96594,1.89326,1.65311,0,4.7332e-05,4.7332e-05,4.7332e-05
135,32518,0.52679,0.97957,0.50295,0.97135,0,0.51173,0.35756,0.34443,0.21468,0.41605,0.32342,0.3276,0.19166,1.43501,2.93801,1.91928,1.70921,0,4.6936e-05,4.6936e-05,4.6936e-05
136,32721.5,0.49215,0.90724,0.45873,0.94796,0,0.40034,0.40819,0.34259,0.21318,0.36086,0.3823,0.32324,0.18604,1.44561,2.99154,2.01393,1.68725,0,4.654e-05,4.654e-05,4.654e-05
137,32925.5,0.52589,0.9482,0.4781,0.94948,0,0.51566,0.34258,0.32601,0.20514,0.36975,0.40784,0.31928,0.17646,1.43988,2.92225,1.99718,1.65405,0,4.6144e-05,4.6144e-05,4.6144e-05
138,33130.1,0.49309,0.91496,0.45837,0.93423,0,0.46775,0.35945,0.33736,0.20584,0.45417,0.34648,0.3185,0.1799,1.44428,2.96762,1.90071,1.69959,0,4.5748e-05,4.5748e-05,4.5748e-05
139,33655,0.49173,0.88783,0.47027,0.96002,0,0.44864,0.39782,0.32534,0.20324,0.39262,0.3668,0.29716,0.17194,1.41705,3.02993,1.9387,1.66996,0,4.5352e-05,4.5352e-05,4.5352e-05
140,33880.1,0.51928,0.97063,0.48533,0.95762,0,0.36211,0.38959,0.34232,0.21525,0.36424,0.38448,0.32868,0.18334,1.36783,2.76254,1.89253,1.61409,0,4.4956e-05,4.4956e-05,4.4956e-05
141,34083.9,0.49631,0.90993,0.46145,0.94061,0,0.54945,0.37306,0.34325,0.21083,0.46081,0.33827,0.29799,0.17645,1.37332,2.76519,1.90055,1.62673,0,4.456e-05,4.456e-05,4.456e-05
142,34287.2,0.49772,0.94141,0.46515,0.95619,0,0.54998,0.387,0.35506,0.22095,0.47018,0.35699,0.31695,0.19295,1.34529,2.71833,1.88652,1.59799,0,4.4164e-05,4.4164e-05,4.4164e-05
143,34491.2,0.49758,0.92925,0.46344,0.95194,0,0.4879,0.36328,0.37645,0.21912,0.38829,0.31664,0.31222,0.18606,1.39806,2.7704,1.92465,1.63545,0,4.3768e-05,4.3768e-05,4.3768e-05
144,34695.2,0.4821,0.86457,0.44857,0.94355,0,0.40845,0.4176,0.36454,0.21827,0.38055,0.31257,0.30523,0.18513,1.39524,2.86685,1.97842,1.63888,0,4.3372e-05,4.3372e-05,4.3372e-05
145,34898.6,0.4843,0.89565,0.45373,0.94877,0,0.51719,0.34393,0.34278,0.21427,0.40949,0.31122,0.3153,0.18782,1.37534,2.83039,1.94662,1.63347,0,4.2976e-05,4.2976e-05,4.2976e-05
146,35102.9,0.46141,0.86891,0.434,0.93482,0,0.3694,0.34996,0.33734,0.21842,0.37702,0.33847,0.3258,0.19271,1.35879,2.8446,1.97894,1.61865,0,4.258e-05,4.258e-05,4.258e-05
147,35456,0.47901,0.91413,0.43398,0.92938,0,0.41821,0.36377,0.33769,0.21953,0.36485,0.33599,0.31522,0.19073,1.39607,2.91879,1.96541,1.67649,0,4.2184e-05,4.2184e-05,4.2184e-05
148,35892.6,0.47423,0.91746,0.445,0.93943,0,0.39355,0.41715,0.32886,0.21189,0.34673,0.38719,0.30752,0.1822,1.4037,3.00464,1.9518,1.66621,0,4.1788e-05,4.1788e-05,4.1788e-05
149,36095.6,0.48017,0.89939,0.4558,0.93633,0,0.42667,0.40239,0.32495,0.20529,0.35364,0.32715,0.31184,0.17742,1.40943,2.97957,1.98519,1.67722,0,4.1392e-05,4.1392e-05,4.1392e-05
150,36299.6,0.49372,0.91491,0.43935,0.93677,0,0.45193,0.3945,0.33565,0.21119,0.37814,0.32546,0.30332,0.17946,1.39242,2.92999,2.01111,1.65881,0,4.0996e-05,4.0996e-05,4.0996e-05
151,36503.7,0.47835,0.906,0.43281,0.91698,0,0.48357,0.33288,0.30617,0.20514,0.36274,0.31332,0.28427,0.17352,1.36692,3.02878,2.02627,1.62859,0,4.06e-05,4.06e-05,4.06e-05
152,36707.4,0.47657,0.87596,0.44782,0.92436,0,0.50999,0.34615,0.33209,0.21994,0.39374,0.30715,0.3055,0.1827,1.36733,2.9897,1.97898,1.6302,0,4.0204e-05,4.0204e-05,4.0204e-05
153,36911.3,0.46933,0.92356,0.44311,0.93678,0,0.33965,0.4045,0.34058,0.22721,0.36092,0.32157,0.30257,0.1842,1.34851,2.93782,1.9495,1.58567,0,3.9808e-05,3.9808e-05,3.9808e-05
154,37115.7,0.48056,0.88409,0.4576,0.93838,0,0.36976,0.38469,0.32804,0.21524,0.35764,0.37104,0.30563,0.18526,1.38049,2.98145,1.96555,1.63078,0,3.9412e-05,3.9412e-05,3.9412e-05
155,37319.3,0.47964,0.9153,0.44317,0.93591,0,0.34439,0.38467,0.32641,0.21524,0.36979,0.36056,0.30924,0.1851,1.39257,2.98975,1.95131,1.66821,0,3.9016e-05,3.9016e-05,3.9016e-05
156,37850.1,0.48724,0.90529,0.44062,0.93661,0,0.37655,0.41171,0.33129,0.2121,0.41148,0.30086,0.30749,0.18712,1.40297,2.96683,1.89915,1.68965,0,3.862e-05,3.862e-05,3.862e-05
157,38070.3,0.46561,0.83484,0.41913,0.92717,0,0.38647,0.39145,0.33041,0.21404,0.39397,0.32157,0.31105,0.18479,1.3859,2.97569,1.88657,1.67383,0,3.8224e-05,3.8224e-05,3.8224e-05
158,38274.4,0.47781,0.9021,0.46419,0.94586,0,0.41557,0.33659,0.3381,0.21829,0.38505,0.32428,0.30639,0.18616,1.37404,2.99455,1.89553,1.64439,0,3.7828e-05,3.7828e-05,3.7828e-05
159,38477.7,0.45898,0.85811,0.42719,0.94254,0,0.42155,0.40477,0.34005,0.22266,0.40445,0.36915,0.29897,0.18555,1.35683,2.90265,1.93877,1.61413,0,3.7432e-05,3.7432e-05,3.7432e-05
160,38681.5,0.48047,0.89954,0.42407,0.9421,0,0.4203,0.45716,0.34029,0.21943,0.39974,0.34824,0.28968,0.17986,1.38034,2.88102,1.95236,1.64199,0,3.7036e-05,3.7036e-05,3.7036e-05
161,38886.7,0.45225,0.87124,0.42566,0.93035,0,0.51231,0.39871,0.36364,0.2211,0.37181,0.32206,0.30298,0.18546,1.42092,2.92304,1.92364,1.67716,0,3.664e-05,3.664e-05,3.664e-05
162,39090.4,0.44498,0.88373,0.41108,0.91134,0,0.43057,0.37093,0.3399,0.21829,0.38367,0.33075,0.31445,0.18514,1.36811,2.91116,1.94553,1.62018,0,3.6244e-05,3.6244e-05,3.6244e-05
163,39294.7,0.45304,0.84405,0.40598,0.92765,0,0.4157,0.32467,0.32634,0.22104,0.40304,0.31344,0.31366,0.1857,1.35849,2.95045,1.97202,1.62342,0,3.5848e-05,3.5848e-05,3.5848e-05
164,39498.8,0.46369,0.86892,0.41733,0.9297,0,0.39067,0.36735,0.33185,0.21894,0.42603,0.30038,0.30733,0.18028,1.3541,2.99381,1.99038,1.60482,0,3.5452e-05,3.5452e-05,3.5452e-05
165,39908.5,0.45304,0.85847,0.3972,0.91996,0,0.38996,0.33676,0.33287,0.22223,0.37801,0.32553,0.31071,0.18407,1.3602,2.98579,1.96172,1.61244,0,3.5056e-05,3.5056e-05,3.5056e-05
166,40200.9,0.45282,0.82489,0.40503,0.92155,0,0.36476,0.38583,0.32281,0.22151,0.42679,0.30986,0.31297,0.1866,1.37699,2.98729,1.96551,1.62661,0,3.466e-05,3.466e-05,3.466e-05
167,40409,0.45955,0.85683,0.42297,0.92585,0,0.44394,0.32271,0.34004,0.22889,0.43871,0.30899,0.31107,0.19263,1.36623,2.90567,1.95671,1.61324,0,3.4264e-05,3.4264e-05,3.4264e-05
168,40616.2,0.45473,0.84952,0.42151,0.91814,0,0.55647,0.33716,0.33995,0.22672,0.44835,0.30444,0.31228,0.19425,1.35277,2.91623,1.96861,1.60445,0,3.3868e-05,3.3868e-05,3.3868e-05
169,40824,0.45512,0.81183,0.39973,0.92494,0,0.50632,0.34064,0.34025,0.22129,0.41015,0.31393,0.31735,0.19101,1.35776,2.95815,1.97681,1.62865,0,3.3472e-05,3.3472e-05,3.3472e-05
170,41029.6,0.45969,0.82655,0.42396,0.93097,0,0.50262,0.34344,0.3408,0.22564,0.4386,0.29002,0.31274,0.19147,1.34394,2.93082,1.97593,1.61549,0,3.3076e-05,3.3076e-05,3.3076e-05
171,41234.7,0.45617,0.84299,0.43418,0.92841,0,0.49274,0.34883,0.32988,0.21959,0.39557,0.30625,0.31748,0.18641,1.35315,2.97103,1.97704,1.60965,0,3.268e-05,3.268e-05,3.268e-05
172,41439.7,0.45301,0.84399,0.40403,0.92242,0,0.52517,0.32854,0.3291,0.21411,0.45021,0.26612,0.30894,0.18178,1.35892,2.98003,2.02601,1.60008,0,3.2284e-05,3.2284e-05,3.2284e-05
173,41645.8,0.44594,0.82291,0.39027,0.92203,0,0.3886,0.43026,0.32793,0.21589,0.4107,0.28238,0.30558,0.18464,1.36248,3.02695,1.98777,1.60578,0,3.1888e-05,3.1888e-05,3.1888e-05
174,41850.8,0.43768,0.81066,0.38805,0.91676,0,0.42331,0.40902,0.33837,0.2186,0.41086,0.28644,0.30873,0.18508,1.35922,3.03711,1.99013,1.61231,0,3.1492e-05,3.1492e-05,3.1492e-05
175,42056.4,0.44296,0.84026,0.38986,0.91325,0,0.46879,0.39648,0.33164,0.21021,0.44003,0.2846,0.30569,0.17792,1.36604,3.05074,1.97607,1.6206,0,3.1096e-05,3.1096e-05,3.1096e-05
176,42262.1,0.45047,0.85564,0.39073,0.91864,0,0.48868,0.39548,0.34146,0.2158,0.40903,0.30986,0.31712,0.18461,1.37104,3.01531,1.9768,1.62936,0,3.07e-05,3.07e-05,3.07e-05
177,42467.2,0.4256,0.81116,0.38793,0.92133,0,0.46022,0.44302,0.35038,0.22215,0.32706,0.38003,0.30783,0.18878,1.36536,3.01216,1.97318,1.62796,0,3.0304e-05,3.0304e-05,3.0304e-05
178,42672.8,0.43954,0.80497,0.37543,0.91593,0,0.4299,0.37228,0.33019,0.21501,0.45297,0.27479,0.3096,0.18488,1.36554,3.00531,1.96204,1.61794,0,2.9908e-05,2.9908e-05,2.9908e-05
179,42878.5,0.44429,0.84653,0.39281,0.91781,0,0.46343,0.39927,0.33918,0.21783,0.42312,0.35106,0.31274,0.18514,1.38063,2.9858,1.98681,1.63992,0,2.9512e-05,2.9512e-05,2.9512e-05
180,43083.1,0.43825,0.79237,0.38415,0.91577,0,0.5432,0.37852,0.35097,0.22233,0.50574,0.32159,0.32176,0.19304,1.37977,2.98024,1.95016,1.64927,0,2.9116e-05,2.9116e-05,2.9116e-05
181,43288.6,0.43136,0.79968,0.38804,0.92221,0,0.58478,0.42281,0.37369,0.23124,0.5016,0.38162,0.33636,0.19476,1.36149,2.99163,1.93884,1.62341,0,2.872e-05,2.872e-05,2.872e-05
182,43493.8,0.43691,0.80419,0.37723,0.91983,0,0.53001,0.43413,0.36805,0.23324,0.45602,0.38748,0.32983,0.19457,1.36865,2.95579,1.89857,1.638,0,2.8324e-05,2.8324e-05,2.8324e-05
183,43698.8,0.42342,0.78269,0.38479,0.91656,0,0.514,0.40546,0.36023,0.2358,0.43803,0.36735,0.34416,0.19556,1.35628,2.92519,1.88359,1.62962,0,2.7928e-05,2.7928e-05,2.7928e-05
184,43904.7,0.4363,0.79136,0.38263,0.91538,0,0.44976,0.43112,0.35486,0.2348,0.38655,0.38312,0.33142,0.19717,1.3558,2.94091,1.88097,1.63077,0,2.7532e-05,2.7532e-05,2.7532e-05
185,44110.3,0.42479,0.79508,0.38021,0.91771,0,0.37125,0.40606,0.34709,0.23349,0.43163,0.29884,0.33135,0.19258,1.35665,2.98146,1.90437,1.62935,0,2.7136e-05,2.7136e-05,2.7136e-05
186,44315.2,0.44448,0.81881,0.39189,0.92639,0,0.44595,0.31613,0.35192,0.23146,0.42291,0.29902,0.33005,0.18898,1.36266,2.98323,1.91231,1.64103,0,2.674e-05,2.674e-05,2.674e-05
187,44522.1,0.42854,0.79592,0.37547,0.91239,0,0.45022,0.31066,0.34624,0.23607,0.43639,0.29986,0.32933,0.19207,1.34551,2.97614,1.91694,1.61199,0,2.6344e-05,2.6344e-05,2.6344e-05
188,44728.2,0.42434,0.81354,0.38474,0.91431,0,0.36998,0.44148,0.34732,0.23742,0.39878,0.31751,0.31582,0.18733,1.35952,2.99713,1.92834,1.61662,0,2.5948e-05,2.5948e-05,2.5948e-05
189,44936.9,0.4061,0.75378,0.37427,0.90954,0,0.38281,0.43074,0.34052,0.23675,0.32035,0.39754,0.32439,0.18918,1.37503,2.97479,1.9549,1.6236,0,2.5552e-05,2.5552e-05,2.5552e-05
190,45143,0.40214,0.76667,0.36622,0.90922,0,0.34034,0.39212,0.33067,0.23146,0.38815,0.30444,0.32272,0.187,1.36806,2.97547,1.97709,1.62148,0,2.5156e-05,2.5156e-05,2.5156e-05
191,45349.8,0.41261,0.76556,0.37117,0.90436,0,0.38082,0.37315,0.32635,0.22376,0.43875,0.28189,0.3191,0.1821,1.37276,2.98783,1.99242,1.62396,0,2.476e-05,2.476e-05,2.476e-05
192,45556.4,0.41042,0.77943,0.3657,0.91389,0,0.40671,0.40771,0.32975,0.22338,0.42645,0.2846,0.31285,0.17973,1.36871,3.01736,1.98638,1.62936,0,2.4364e-05,2.4364e-05,2.4364e-05
193,45762,0.43274,0.80467,0.38009,0.91799,0,0.37169,0.39028,0.33335,0.2224,0.41143,0.30667,0.31813,0.17992,1.36285,3.0013,1.96382,1.63482,0,2.3968e-05,2.3968e-05,2.3968e-05
194,45968.5,0.42391,0.81504,0.37423,0.91687,0,0.37958,0.38757,0.33736,0.22357,0.39369,0.31209,0.32058,0.1821,1.37701,2.99592,1.97524,1.63768,0,2.3572e-05,2.3572e-05,2.3572e-05
195,46174.8,0.41748,0.7762,0.35783,0.90407,0,0.4611,0.35258,0.33861,0.2233,0.39254,0.32262,0.33268,0.18553,1.37269,2.98975,1.98121,1.62791,0,2.3176e-05,2.3176e-05,2.3176e-05
196,46379.9,0.42406,0.78728,0.36998,0.9207,0,0.51869,0.33667,0.3351,0.22288,0.36534,0.33415,0.32585,0.18874,1.37317,2.99363,1.97974,1.63635,0,2.278e-05,2.278e-05,2.278e-05
197,46585.9,0.40158,0.75575,0.37942,0.91298,0,0.54266,0.38293,0.3507,0.22359,0.35494,0.34055,0.32473,0.18572,1.3762,3.02211,1.97861,1.64145,0,2.2384e-05,2.2384e-05,2.2384e-05
198,46792.2,0.41609,0.77412,0.35769,0.89936,0,0.49833,0.41439,0.34986,0.22279,0.34131,0.35264,0.32016,0.18245,1.36945,3.01282,1.9787,1.63484,0,2.1988e-05,2.1988e-05,2.1988e-05
199,46997.8,0.41421,0.78044,0.3694,0.91753,0,0.49622,0.40364,0.34801,0.22037,0.428,0.27833,0.31426,0.17993,1.36722,3.01552,1.9657,1.64275,0,2.1592e-05,2.1592e-05,2.1592e-05
200,47203.8,0.39239,0.72902,0.34023,0.89509,0,0.53847,0.40241,0.35508,0.2233,0.43511,0.28644,0.32088,0.18586,1.37398,3.02951,1.96754,1.64914,0,2.1196e-05,2.1196e-05,2.1196e-05
201,47410.6,0.41711,0.7461,0.35483,0.91089,0,0.53857,0.40538,0.36011,0.22788,0.37817,0.32922,0.32749,0.18966,1.36991,3.03659,1.96249,1.63947,0,2.08e-05,2.08e-05,2.08e-05
202,47615.8,0.40236,0.73349,0.3651,0.90311,0,0.54753,0.40906,0.35873,0.22598,0.38269,0.32515,0.32267,0.18913,1.36942,3.06856,1.96051,1.63834,0,2.0404e-05,2.0404e-05,2.0404e-05
203,47823.5,0.40178,0.74569,0.36357,0.90484,0,0.53385,0.40563,0.36178,0.22662,0.40455,0.32991,0.32871,0.19171,1.37724,3.05503,1.96637,1.64403,0,2.0008e-05,2.0008e-05,2.0008e-05
204,48030.2,0.41355,0.77295,0.36326,0.90826,0,0.53475,0.40545,0.35806,0.22715,0.41764,0.31091,0.32972,0.19079,1.36986,3.05225,1.97088,1.63645,0,1.9612e-05,1.9612e-05,1.9612e-05
205,48237.1,0.40828,0.76793,0.36964,0.91323,0,0.54089,0.40762,0.36363,0.22548,0.40788,0.30851,0.32541,0.18563,1.36322,3.05509,1.95789,1.62925,0,1.9216e-05,1.9216e-05,1.9216e-05
206,48442.5,0.40371,0.72864,0.34529,0.90536,0,0.53835,0.40553,0.36065,0.22155,0.4007,0.31122,0.3214,0.18273,1.35948,3.03334,1.96736,1.63385,0,1.882e-05,1.882e-05,1.882e-05
207,48733.7,0.41261,0.76928,0.35964,0.90443,0,0.52733,0.40215,0.35662,0.22058,0.36147,0.32835,0.31702,0.18253,1.35545,3.04406,1.98748,1.63317,0,1.8424e-05,1.8424e-05,1.8424e-05
208,49228.5,0.39987,0.77353,0.33813,0.8953,0,0.52296,0.40522,0.35567,0.21888,0.37221,0.32813,0.31534,0.18266,1.35255,3.0344,1.99236,1.63591,0,1.8028e-05,1.8028e-05,1.8028e-05
209,49433.3,0.403,0.72318,0.34195,0.91427,0,0.40709,0.43297,0.34457,0.21693,0.36759,0.33747,0.3141,0.18196,1.36174,3.03258,1.9723,1.65393,0,1.7632e-05,1.7632e-05,1.7632e-05
210,49639.3,0.40803,0.77379,0.33844,0.90272,0,0.42226,0.4289,0.33562,0.21348,0.3511,0.34141,0.30978,0.18263,1.36347,3.04549,1.96918,1.65618,0,1.7236e-05,1.7236e-05,1.7236e-05
211,49846.3,0.39385,0.72746,0.33514,0.91079,0,0.41859,0.43157,0.33605,0.2121,0.3589,0.34499,0.30889,0.18228,1.36336,3.03613,1.97676,1.65509,0,1.684e-05,1.684e-05,1.684e-05
212,50054.6,0.41343,0.80635,0.34862,0.91497,0,0.39126,0.43988,0.33892,0.2131,0.33446,0.38436,0.30951,0.18041,1.36212,3.01351,1.98431,1.65401,0,1.6444e-05,1.6444e-05,1.6444e-05
213,50260,0.39976,0.73914,0.34007,0.9113,0,0.41336,0.45234,0.33691,0.21377,0.3552,0.39126,0.31794,0.18304,1.35319,3.00981,1.99823,1.64052,0,1.6048e-05,1.6048e-05,1.6048e-05
214,50466.8,0.38987,0.73637,0.33506,0.90424,0,0.41299,0.45037,0.33562,0.21201,0.36345,0.3899,0.31835,0.18387,1.35014,3.01115,2.00096,1.6418,0,1.5652e-05,1.5652e-05,1.5652e-05
215,50673.5,0.38222,0.7388,0.32712,0.8918,0,0.40277,0.43664,0.33768,0.2132,0.35718,0.38311,0.3195,0.18212,1.34985,3.01147,2.00165,1.64342,0,1.5256e-05,1.5256e-05,1.5256e-05
216,50879.1,0.38517,0.75028,0.33455,0.89979,0,0.37747,0.40601,0.33678,0.21292,0.36642,0.35399,0.31677,0.17849,1.34832,3.0106,2.00872,1.64019,0,1.486e-05,1.486e-05,1.486e-05
217,51086.4,0.38355,0.71103,0.33346,0.89429,0,0.42831,0.39105,0.33249,0.21253,0.36629,0.3561,0.31293,0.17826,1.35243,3.03612,2.00163,1.6428,0,1.4464e-05,1.4464e-05,1.4464e-05
218,51293.2,0.38794,0.73637,0.33772,0.90672,0,0.42316,0.39212,0.33051,0.21156,0.35316,0.35177,0.30633,0.17887,1.35025,3.03762,2.0115,1.63914,0,1.4068e-05,1.4068e-05,1.4068e-05
219,51499.5,0.37911,0.7177,0.32885,0.89822,0,0.42947,0.39274,0.33287,0.21151,0.35798,0.34893,0.30765,0.17901,1.35458,3.0521,2.01946,1.64128,0,1.3672e-05,1.3672e-05,1.3672e-05
220,51706.2,0.38418,0.72718,0.33261,0.89771,0,0.42683,0.38718,0.33148,0.21317,0.3611,0.35343,0.31418,0.1806,1.35238,3.0617,2.01305,1.64176,0,1.3276e-05,1.3276e-05,1.3276e-05
221,51913.4,0.37575,0.68336,0.31981,0.89325,0,0.42573,0.39473,0.33211,0.21361,0.35009,0.35216,0.31248,0.17766,1.35214,3.08327,2.01338,1.64844,0,1.288e-05,1.288e-05,1.288e-05
222,52119.4,0.38001,0.71994,0.33139,0.89702,0,0.43086,0.39147,0.33497,0.21416,0.38482,0.326,0.31486,0.17843,1.34824,3.09504,2.02152,1.64541,0,1.2484e-05,1.2484e-05,1.2484e-05
223,52326,0.38567,0.71823,0.32537,0.9022,0,0.50841,0.34751,0.33463,0.21371,0.40703,0.31214,0.31441,0.17722,1.3504,3.10283,2.0301,1.64654,0,1.2088e-05,1.2088e-05,1.2088e-05
224,52533,0.38081,0.72771,0.33167,0.89708,0,0.51043,0.34615,0.33532,0.21391,0.409,0.3148,0.31743,0.17871,1.35915,3.10083,2.03011,1.65397,0,1.1692e-05,1.1692e-05,1.1692e-05
225,52998.9,0.37103,0.70189,0.32595,0.89183,0,0.52383,0.34456,0.33265,0.21229,0.42547,0.3114,0.30876,0.17892,1.36247,3.11376,2.03793,1.65603,0,1.1296e-05,1.1296e-05,1.1296e-05
